,Nome do modelo,MAE,CI
2,RandomForestRegressor,10.374663709855087,"(10.023140491214367, 10.726186928495807)"
3,XGBoostRegressor,10.594794980743382,"(10.236173605403135, 10.953416356083629)"
4,LightGBM Regressor,11.321023654673018,"(10.96190991984164, 11.680137389504397)"
1,LinearRegression,11.894825262266679,"(11.574107583642133, 12.215542940891224)"
0,DummyRegressor,19.063008149493566,"(18.65289602595927, 19.473120273027863)"
