,Nome do modelo,MAE,CI
2,RandomForestRegressor,17.30277149498712,"(16.57495354179996, 18.03058944817428)"
4,LightGBM Regressor,17.975259736284713,"(17.337045974221823, 18.613473498347602)"
3,XGBoostRegressor,18.12788234445799,"(17.38218518125536, 18.873579507660622)"
1,LinearRegression,20.492440048137166,"(19.9282153717889, 21.05666472448543)"
0,DummyRegressor,29.498247458168997,"(29.006814331139946, 29.989680585198048)"
