,Nome do modelo,MAE,CI
3,XGBoostRegressor,44.8582633711168,"(43.09102231665348, 46.62550442558012)"
2,RandomForestRegressor,44.89537010633832,"(43.13859407241881, 46.65214614025783)"
4,LightGBM Regressor,48.882855426217766,"(47.15271696449386, 50.61299388794167)"
1,LinearRegression,50.884880955018374,"(49.17690920699241, 52.592852703044336)"
0,DummyRegressor,61.81049075512441,"(60.02699739330016, 63.59398411694867)"
